"Message",Low,"Démarrage de la compilation .NET Native"
"Message",Low,""
"Message",Low,""
"Message",Low,"Tâche ""Gatekeeper"""
"Message",Normal,"Launching 'C:\Program Files (x86)\Microsoft SDKs\UWPNuGetPackages\microsoft.net.native.compiler\1.7.3\tools\x64\ilc\Tools\Gatekeeper.exe @""D:\OneDrive - SUPINFO\Perso\Cours\SupInfo\Bsc\3WIN - Universal Windows App Development\PJT\3WIN-PJT\WinPlex\obj\x64\Release\ilc\intermediate\gkargs.rsp""'"
"Message",Low,"Microsoft (R) .NET Native Gatekeeper, version 1.7.25927.00 "
"Message",Low,"Copyright (C) Microsoft Corporation.  All rights reserved. "
"Message",Low," "
"Message",Low,"V�rification de l'assembly 'D:\OneDrive - SUPINFO\Perso\Cours\SupInfo\Bsc\3WIN - Universal Windows App Development\PJT\3WIN-PJT\WinPlex\obj\x64\Release\ilc\in\Newtonsoft.Json.dll'. "
"Message",Low,"V�rification de l'assembly 'D:\OneDrive - SUPINFO\Perso\Cours\SupInfo\Bsc\3WIN - Universal Windows App Development\PJT\3WIN-PJT\WinPlex\obj\x64\Release\ilc\in\WinPlex.exe'. "
"Message",Normal,"'C:\Program Files (x86)\Microsoft SDKs\UWPNuGetPackages\microsoft.net.native.compiler\1.7.3\tools\x64\ilc\Tools\Gatekeeper.exe @""D:\OneDrive - SUPINFO\Perso\Cours\SupInfo\Bsc\3WIN - Universal Windows App Development\PJT\3WIN-PJT\WinPlex\obj\x64\Release\ilc\intermediate\gkargs.rsp""' completed."
"Message",Normal,"Process execution statistics (all times in milliseconds)"
"Message",Normal,"-----------------------------------------------------------------------------"
"Message",Normal,"launch  |  start   |   stop   |   end    | duration | lifetime | [slot] name"
"Message",Normal,"-----------------------------------------------------------------------------"
"Message",Normal,"       0 |       16 |      625 |      625 |      609 |      625 | [0] Gatekeeper"
"Message",Normal,"Number of commands:      1"
"Message",Normal,"Total system time:       625 ms"
"Message",Normal,"System time per command: 625 ms"
"Message",Normal,"Total duration:          609 ms"
"Message",Normal,"Total lifetime:          625 ms"
"Message",Normal,"Requested DOP:           12"
"Message",Normal,"Duration DOP:            1,0"
"Message",Normal,"Lifetime DOP:            1,0"
"Message",Low,"Fin de l'exécution de la tâche ""Gatekeeper""."
"Message",Low,"Génération de la cible ""RunGatekeeper"" terminée dans le fichier ""Preparation""."
"Message",Low,""
"Message",Low,"Tâche ""InjectWindowsRuntimeTypeForwards"""
"Message",Normal,"Running 'InjectWindowsRuntimeTypeForwards' transform, heap at 14 MB."
"Message",Normal,"Running 'WriteAssemblies' transform, heap at 11 MB."
"Message",Normal,""
"Message",Normal,"Transform summary"
"Message",Normal,"    ms | heap delta | name"
"Message",Normal,"   335 |         -3 | InjectWindowsRuntimeTypeForwards"
"Message",Normal,"   254 |          1 | WriteAssemblies"
"Message",Low,"Fin de l'exécution de la tâche ""InjectWindowsRuntimeTypeForwards""."
"Message",Low,"Génération de la cible ""InjectWindowRuntimeTypeForwards"" terminée dans le fichier ""Preparation""."
"Message",Low,""
"Message",Low,"Tâche ""PreResolveAssemblyClosure"""
"Message",Low,"Fin de l'exécution de la tâche ""PreResolveAssemblyClosure""."
"Message",Low,"Tâche ""PreResolveTransforms"""
"Message",Normal,"Running 'ResolveSelfReferences' transform, heap at 23 MB."
"Message",Normal,"Running 'RemoveDuplicateMembers' transform, heap at 31 MB."
"Message",Normal,"Running 'PortableLib' transform, heap at 31 MB."
"Message",Normal,"Running 'WriteAssemblies' transform, heap at 69 MB."
"Message",Normal,""
"Message",Normal,"Transform summary"
"Message",Normal,"    ms | heap delta | name"
"Message",Normal,"   508 |          8 | ResolveSelfReferences"
"Message",Normal,"   328 |        -26 | WriteAssemblies"
"Message",Normal,"   171 |         38 | PortableLib"
"Message",Normal,"     0 |          0 | RemoveDuplicateMembers"
"Message",Low,"Fin de l'exécution de la tâche ""PreResolveTransforms""."
"Message",Low,"Génération de la cible ""PreResolveTransforms"" terminée dans le fichier ""Preparation""."
"Message",Low,""
"Message",Low,"Tâche ""InitialAssemblyClosure"""
"Message",Low,"Fin de l'exécution de la tâche ""InitialAssemblyClosure""."
"Message",Low,"Tâche ""ResolveInitialReferencesAssemblyClosure1"""
"Message",Low,"Fin de l'exécution de la tâche ""ResolveInitialReferencesAssemblyClosure1""."
"Message",Low,"Tâche ""ResolveInitialReferencesAssemblyClosure2"""
"Message",Low,"Fin de l'exécution de la tâche ""ResolveInitialReferencesAssemblyClosure2""."
"Message",Low,"Génération de la cible ""ResolveInitialReferences"" terminée dans le fichier ""Preparation""."
"Message",Low,"Génération du projet ""Preparation"" terminée."
"Message",Low,""
"Message",Low,""
"Message",High,"Traitement du code de l'application"
"Message",Low,"Tâche ""ValidateSimpleNames"""
"Message",Low,"Fin de l'exécution de la tâche ""ValidateSimpleNames""."
"Message",Low,"Tâche ""McgContractsResolveFilePath"""
"Message",Low,"Fin de l'exécution de la tâche ""McgContractsResolveFilePath""."
"Message",Low,"Tâche ""McgFacadeResolveFilePath"""
"Message",Low,"Fin de l'exécution de la tâche ""McgFacadeResolveFilePath""."
"Message",Low,"Tâche ""FinalAssemblyClosureRootsResolveFilePaths"""
"Message",Low,"Fin de l'exécution de la tâche ""FinalAssemblyClosureRootsResolveFilePaths""."
"Message",Low,"Tâche ""FinalAssemblyClosure"""
"Message",Low,"Fin de l'exécution de la tâche ""FinalAssemblyClosure""."
"Message",Low,"Tâche ""RunILTransforms"""
"Message",Normal,"Running 'Analysis' transform, heap at 77 MB."
"Message",Low,"Loading 87 modules..."
"Message",Normal,"Imported reflection directives from 15 files:"
"Message",Normal,"D:\OneDrive - SUPINFO\Perso\Cours\SupInfo\Bsc\3WIN - Universal Windows App Development\PJT\3WIN-PJT\WinPlex\obj\x64\Release\ilc\in\Properties\Default.rd.xml"
"Message",Normal,"Manifeste incorporé dans System.Diagnostics.Tracing : Resources.System.Diagnostics.Tracing.rd.xml"
"Message",Normal,"Manifeste incorporé dans System.Private.Reflection : System.Private.Reflection.rd.xml"
"Message",Normal,"Manifeste incorporé dans System.Private.CoreLib : Resources.System.Private.CoreLib.rd.xml"
"Message",Normal,"Manifeste incorporé dans System.Private.Uri : Resources.System.Private.Uri.rd.xml"
"Message",Normal,"Manifeste incorporé dans System.Private.Reflection.Core : System.Private.Reflection.Core.rd.xml"
"Message",Normal,"Manifeste incorporé dans System.Xml.XDocument : System.Xml.Resources.System.Xml.XDocument.rd.xml"
"Message",Normal,"Manifeste incorporé dans System.Runtime.Serialization.Primitives : System.Runtime.Serialization.Primitives.Resources.System.Runtime.Serialization.Primitives.rd.xml"
"Message",Normal,"Manifeste incorporé dans System.Xml.ReaderWriter : System.Xml.Resources.System.Xml.ReaderWriter.rd.xml"
"Message",Normal,"Manifeste incorporé dans System.Dynamic.Runtime : Resources.System.Dynamic.Runtime.rd.xml"
"Message",Normal,"Manifeste incorporé dans System.Linq.Expressions : Resources.System.Linq.Expressions.rd.xml"
"Message",Normal,"Manifeste incorporé dans Microsoft.CSharp : Microsoft.CSharp.Resources.Microsoft.CSharp.rd.xml"
"Message",Normal,"Manifeste incorporé dans System.Private.PortableThunks : Resources.System.Private.PortableThunks.rd.xml"
"Message",Normal,"Manifeste incorporé dans System.Private.Interop : Resources.System.Private.Interop.rd.xml"
"Message",Normal,"Newtonsoft.Json"
"Message",Normal,"Imported XAML Roots from 1 files:"
"Message",Normal,"D:\OneDrive - SUPINFO\Perso\Cours\SupInfo\Bsc\3WIN - Universal Windows App Development\PJT\3WIN-PJT\WinPlex\obj\x64\Release\ilc\in\WinPlex.xr.xml"
"Message",Normal,"Running 'Mcg' transform, heap at 170 MB."
"Message",High,"Computing application closure and generating interop code"
"Message",Normal,"  Liste des fichiers .lib :"
"Message",Normal,"      WindowsApp.lib"
"Message",Normal,"      winsqlite3.lib"
"Message",Normal,"  Liste des chemins de recherche de fichiers .lib :"
"Message",Normal,"      D:\Windows Kits\10\lib\10.0.17763.0\um\x64"
"Message",Normal,"  Chargement des exportations à partir des bibliothèques..."
"Message",Normal,"      3237 exportations lues à partir de 'D:\Windows Kits\10\lib\10.0.17763.0\um\x64\WindowsApp.lib'."
"Message",Normal,"      248 exportations lues à partir de 'D:\Windows Kits\10\lib\10.0.17763.0\um\x64\winsqlite3.lib'."
"Message",High,"  Chargement de 87 modules..."
"Message",Normal,"          P/Invoke 'RhWaitForPendingFinalizers' with [DllImport(ExactSpelling=true)] resolved to '[MRT]!RhWaitForPendingFinalizers'."
"Message",Normal,"          P/Invoke 'RhYield' with [DllImport(ExactSpelling=true)] resolved to '[MRT]!RhYield'."
"Message",Normal,"          P/Invoke 'RhCompatibleReentrantWaitAny' with [DllImport(ExactSpelling=true)] resolved to '[MRT]!RhCompatibleReentrantWaitAny'."
"Message",Normal,"          P/Invoke '_ecvt_s' with [DllImport(ExactSpelling=true)] resolved to '[MRT]!_ecvt_s'."
"Message",Normal,"          P/Invoke 'memmove' with [DllImport(ExactSpelling=true)] resolved to '[MRT]!memmove'."
"Message",Normal,"          P/Invoke 'CallingConventionConverter_GetStubs' with [DllImport(ExactSpelling=true)] resolved to '*!CallingConventionConverter_GetStubs'."
"Message",Normal,"          P/Invoke 'GetLastError' resolved to 'api-ms-win-core-errorhandling-l1-1-0.dll!GetLastError' from 'D:\Windows Kits\10\lib\10.0.17763.0\um\x64\WindowsApp.lib'."
"Message",Normal,"          P/Invoke 'RoInitialize' resolved to 'api-ms-win-core-winrt-l1-1-0.dll!RoInitialize' from 'D:\Windows Kits\10\lib\10.0.17763.0\um\x64\WindowsApp.lib'."
"Message",Normal,"          P/Invoke 'IsValidLocaleName' resolved to 'api-ms-win-core-localization-l1-2-0.dll!IsValidLocaleName' from 'D:\Windows Kits\10\lib\10.0.17763.0\um\x64\WindowsApp.lib'."
"Message",Normal,"          P/Invoke 'ResolveLocaleName' resolved to 'api-ms-win-core-localization-l1-2-0.dll!ResolveLocaleName' from 'D:\Windows Kits\10\lib\10.0.17763.0\um\x64\WindowsApp.lib'."
"Message",Normal,"          P/Invoke 'GetCPInfoExW' resolved to 'api-ms-win-core-localization-l1-2-0.dll!GetCPInfoExW' from 'D:\Windows Kits\10\lib\10.0.17763.0\um\x64\WindowsApp.lib'."
"Message",Normal,"          P/Invoke 'CoCreateInstance' with [DllImport(ExactSpelling=true)] resolved to 'api-ms-win-core-com-l1-1-0.dll!CoCreateInstance'."
"Message",Normal,"          P/Invoke '#6' resolved to 'oleaut32.dll!#6' from 'D:\Windows Kits\10\lib\10.0.17763.0\um\x64\WindowsApp.lib'."
"Message",Normal,"          P/Invoke 'RtlIpv6AddressToStringExW' resolved to 'ntdll.dll!RtlIpv6AddressToStringExW' from 'D:\Windows Kits\10\lib\10.0.17763.0\um\x64\WindowsApp.lib'."
"Message",Normal,"          P/Invoke 'RtlIpv4AddressToStringExW' resolved to 'ntdll.dll!RtlIpv4AddressToStringExW' from 'D:\Windows Kits\10\lib\10.0.17763.0\um\x64\WindowsApp.lib'."
"Message",Normal,"          P/Invoke 'FormatMessageW' resolved to 'api-ms-win-core-localization-l1-2-0.dll!FormatMessageW' from 'D:\Windows Kits\10\lib\10.0.17763.0\um\x64\WindowsApp.lib'."
"Message",Normal,"          P/Invoke 'RoGetBufferMarshaler' resolved to 'api-ms-win-core-winrt-robuffer-l1-1-0.dll!RoGetBufferMarshaler' from 'D:\Windows Kits\10\lib\10.0.17763.0\um\x64\WindowsApp.lib'."
"Message",High,"  Génération du code..."
"Message",High,"  Code interop généré."
"Message",Normal,"  Code écrit dans AssemblyInfo.g.cs"
"Message",Normal,"  Code écrit dans Adapters.g.cs"
"Message",Normal,"  Code écrit dans Data.g.cs"
"Message",Normal,"  Code écrit dans Helpers.g.cs"
"Message",Normal,"  Code écrit dans ImplTypes.g.cs"
"Message",Normal,"  Code écrit dans PInvoke.g.cs"
"Message",Normal,"  Code écrit dans SafeTypes.g.cs"
"Message",Normal,"  Code écrit dans SharedStubs.g.cs"
"Message",Normal,"Running 'GenerateCodeAndCompile' transform, heap at 215 MB."
"Message",High,"Generating serialization code"
"Message",High,"Compiling interop code"
"Message",Normal,"Compiling generated source code: C:\Program Files (x86)\Microsoft SDKs\UWPNuGetPackages\microsoft.net.native.compiler\1.7.3\tools\x64\ilc\csc\csc.exe /noconfig @""D:\OneDrive - SUPINFO\Perso\Cours\SupInfo\Bsc\3WIN - Universal Windows App Development\PJT\3WIN-PJT\WinPlex\obj\x64\Release\ilc\intermediate\WinPlex.McgInterop.rsp"""
"Message",High,"Generating System.Reflection.DispatchProxy proxy code."
"Message",Normal,"Running 'DumpNativeResources' transform, heap at 216 MB."
"Message",Normal,"Running 'ReducedCopyInitialize' transform, heap at 216 MB."
"Message",Normal,"Running 'ReducedCopyEmptyTypes' transform, heap at 206 MB."
"Message",Normal,"Running 'ReducedCopyPopulateTypes' transform, heap at 209 MB."
"Message",Normal,"Running 'ReducedCopyLateMetadata' transform, heap at 193 MB."
"Message",Normal,"Running 'ReducedCopyMethodBodies' transform, heap at 207 MB."
"Message",Normal,"Running 'ReducedCopyComplete' transform, heap at 231 MB."
"Message",Normal,"Running 'ReducedCopyCleanup' transform, heap at 253 MB."
"Message",Normal,"Running 'DeveloperExperienceModeOnlyCodeRemover' transform, heap at 64 MB."
"Message",Normal,"Running 'ComImportDetector' transform, heap at 74 MB."
"Message",Normal,"Running 'McgAccessor' transform, heap at 74 MB."
"Message",Normal,"Running 'McgRedirect' transform, heap at 75 MB."
"Message",Normal,"Running 'McgRedirect' transform, heap at 69 MB."
"Message",Normal,"Running 'McgTypeOf' transform, heap at 70 MB."
"Message",Normal,"Running 'ExceptionMiniaturizer' transform, heap at 75 MB."
"Message",Normal,"Running 'EventSource' transform, heap at 88 MB."
"Message",Normal,"Running 'ValueType' transform, heap at 88 MB."
"Message",Normal,"Running 'Attribute' transform, heap at 88 MB."
"Message",Normal,"Running 'GetType' transform, heap at 88 MB."
"Message",Normal,"Running 'McgFixups' transform, heap at 89 MB."
"Message",Normal,"Running 'ResourceManagerCtor' transform, heap at 89 MB."
"Message",Normal,"Running 'TypeofTypeHandle' transform, heap at 90 MB."
"Message",Normal,"Running 'DispatchProxyIntrinsics' transform, heap at 93 MB."
"Message",Normal,"Running 'StaticInitData' transform, heap at 93 MB."
"Message",Normal,"Running 'StartupCodeInjector' transform, heap at 103 MB."
"Message",Normal,"Running 'InjectAppContextSwitches' transform, heap at 103 MB."
"Message",Normal,"Running 'ImplementLibraryDynamicInvokeHelpers' transform, heap at 103 MB."
"Message",Normal,"Running 'Delegate' transform, heap at 103 MB."
"Message",Normal,"Running 'DelegateCtorCall' transform, heap at 83 MB."
"Message",Normal,"Running 'LazyGenerics' transform, heap at 85 MB."
"Message",Normal,"Running 'AddReflectionBlockedAttributes' transform, heap at 103 MB."
"Message",Normal,"Running 'DisableOptimization' transform, heap at 103 MB."
"Message",Normal,"Running 'CreateMetadata' transform, heap at 103 MB."
"Message",Normal,"Running 'SaveRVAStatics' transform, heap at 98 MB."
"Message",Normal,"Running 'ReflectionInvoke' transform, heap at 99 MB."
"Message",Normal,"Running 'ScrubOpenCalls' transform, heap at 101 MB."
"Message",Normal,"Running 'ConvertCatchIntoFilter' transform, heap at 101 MB."
"Message",Normal,"Running 'ReflectionMappingInfoEmit' transform, heap at 101 MB."
"Message",Normal,"Running 'ConvertManagedWinMD' transform, heap at 104 MB."
"Message",Normal,"Running 'Reducer' transform, heap at 104 MB."
"Message",High,"Cleaning up unreferenced code"
"Message",Normal,"Running 'WriteAssemblies' transform, heap at 162 MB."
"Message",Normal,""
"Message",Normal,"Transform summary"
"Message",Normal,"    ms | heap delta | name"
"Message",Normal,"  6880 |         93 | Analysis"
"Message",Normal,"  3505 |          1 | GenerateCodeAndCompile"
"Message",Normal,"  2744 |        -57 | WriteAssemblies"
"Message",Normal,"  1293 |         58 | Reducer"
"Message",Normal,"  1005 |         45 | Mcg"
"Message",Normal,"   840 |        -10 | ReducedCopyInitialize"
"Message",Normal,"   539 |         -5 | CreateMetadata"
"Message",Normal,"   234 |         24 | ReducedCopyMethodBodies"
"Message",Normal,"   189 |         22 | ReducedCopyComplete"
"Message",Normal,"   143 |        -16 | ReducedCopyPopulateTypes"
"Message",Normal,"    86 |         18 | LazyGenerics"
"Message",Normal,"    85 |          5 | McgTypeOf"
"Message",Normal,"    81 |       -189 | ReducedCopyCleanup"
"Message",Normal,"    74 |         -6 | McgRedirect"
"Message",Normal,"    69 |         14 | ReducedCopyLateMetadata"
"Message",Normal,"    53 |         10 | StaticInitData"
"Message",Normal,"    44 |        -20 | Delegate"
"Message",Normal,"    40 |          1 | McgRedirect"
"Message",Normal,"    33 |         13 | ExceptionMiniaturizer"
"Message",Normal,"    28 |          3 | TypeofTypeHandle"
"Message",Normal,"    21 |          2 | DelegateCtorCall"
"Message",Normal,"    16 |         10 | DeveloperExperienceModeOnlyCodeRemover"
"Message",Normal,"    13 |          3 | ReducedCopyEmptyTypes"
"Message",Normal,"    13 |          1 | SaveRVAStatics"
"Message",Normal,"    11 |          1 | McgAccessor"
"Message",Normal,"     8 |          0 | DumpNativeResources"
"Message",Normal,"     8 |          1 | GetType"
"Message",Normal,"     6 |          0 | ScrubOpenCalls"
"Message",Normal,"     6 |          0 | DispatchProxyIntrinsics"
"Message",Normal,"     5 |          2 | ReflectionInvoke"
"Message",Normal,"     5 |          0 | McgFixups"
"Message",Normal,"     3 |          0 | ConvertCatchIntoFilter"
"Message",Normal,"     3 |          3 | ReflectionMappingInfoEmit"
"Message",Normal,"     2 |          0 | StartupCodeInjector"
"Message",Normal,"     1 |          0 | Attribute"
"Message",Normal,"     1 |          0 | EventSource"
"Message",Normal,"     1 |          0 | ValueType"
"Message",Normal,"     0 |          1 | ResourceManagerCtor"
"Message",Normal,"     0 |          0 | ConvertManagedWinMD"
"Message",Normal,"     0 |          0 | ImplementLibraryDynamicInvokeHelpers"
"Message",Normal,"     0 |          0 | InjectAppContextSwitches"
"Message",Normal,"     0 |          0 | AddReflectionBlockedAttributes"
"Message",Normal,"     0 |          0 | ComImportDetector"
"Message",Normal,"     0 |          0 | DisableOptimization"
"Message",Low,"Fin de l'exécution de la tâche ""RunILTransforms""."
"Message",Low,"Génération de la cible ""RunILTransforms"" terminée dans le fichier ""ILTransforms""."
"Message",Low,"Génération du projet ""ILTransforms"" terminée."
"Message",Low,""
"Message",Low,""
"Message",Low,"Génération de la cible ""GenerateMDIL"" terminée dans le fichier ""Nutc""."
"Message",Low,""
"Message",High,"Génération du code natif"
"Message",Low,"Génération de la cible ""MDILPrepareMultiFile"" terminée dans le fichier ""Nutc""."
"Message",Low,""
"Message",Low,"Génération de la cible ""SetBinaryForReferences"" terminée dans le fichier ""Nutc""."
"Message",Low,""
"Message",Low,"Tâche ""GenerateMDILGlobalAnalysis"""
"Message",Normal,"Launching 'C:\Program Files (x86)\Microsoft SDKs\UWPNuGetPackages\microsoft.net.native.compiler\1.7.3\tools\x64\ilc\Tools\nutc_driver.exe @""D:\OneDrive - SUPINFO\Perso\Cours\SupInfo\Bsc\3WIN - Universal Windows App Development\PJT\3WIN-PJT\WinPlex\obj\x64\Release\ilc\intermediate\MDIL\WinPlex.rsp""'"
"Message",Low,"Microsoft (R) MDIL Compiler - Version 1.7.25927.00"
"Message",Low,"Copyright (c) Microsoft Corporation.  All rights reserved."
"Message",Low,"Analyse des types d'entrée"
"Message",Low,"Analyse de 9303 méthodes."
"Message",Low,"Analyse de 3366 méthodes."
"Message",Low,"Analyse de 1904 méthodes."
"Message",Low,"Analyse de 1206 méthodes."
"Message",Low,"Analyse de 2289 méthodes."
"Message",Low,"Analyse de 1559 méthodes."
"Message",Low,"Analyse de 951 méthodes."
"Message",Low,"Analyse de 815 méthodes."
"Message",Low,"Analyse de 991 méthodes."
"Message",Low,"Analyse de 925 méthodes."
"Message",Low,"Analyse de 850 méthodes."
"Message",Low,"Analyse de 560 méthodes."
"Message",Low,"Analyse de 453 méthodes."
"Message",Low,"Analyse de 252 méthodes."
"Message",Low,"Analyse de 148 méthodes."
"Message",Low,"Analyse de 63 méthodes."
"Message",Low,"Analyse de 57 méthodes."
"Message",Low,"Analyse de 29 méthodes."
"Message",Low,"Analyse de 18 méthodes."
"Message",Low,"Analyse de 6 méthodes."
"Message",Low,"Analyse de 1 méthodes."
"Message",Low,"Analyse de 1 méthodes."
"Message",Low,"Génération de code hâtive"
"Message",Low,"Compilation de 25747 méthodes."
"Message",Low,"Génération de code différée"
"Message",Low,"Compilation de 4 méthodes."
"Message",Low,"Compilation de 30 méthodes."
"Message",Low,"Génération réussie de 'D:\OneDrive - SUPINFO\Perso\Cours\SupInfo\Bsc\3WIN - Universal Windows App Development\PJT\3WIN-PJT\WinPlex\obj\x64\Release\ilc\intermediate\MDIL\WinPlex.mdilexe'"
"Message",Low,"Génération réussie de 'D:\OneDrive - SUPINFO\Perso\Cours\SupInfo\Bsc\3WIN - Universal Windows App Development\PJT\3WIN-PJT\WinPlex\obj\x64\Release\ilc\intermediate\MDIL\WinPlex.mdilpdb'"
"Message",Normal,"'C:\Program Files (x86)\Microsoft SDKs\UWPNuGetPackages\microsoft.net.native.compiler\1.7.3\tools\x64\ilc\Tools\nutc_driver.exe @""D:\OneDrive - SUPINFO\Perso\Cours\SupInfo\Bsc\3WIN - Universal Windows App Development\PJT\3WIN-PJT\WinPlex\obj\x64\Release\ilc\intermediate\MDIL\WinPlex.rsp""' completed."
"Message",Normal,"Process execution statistics (all times in milliseconds)"
"Message",Normal,"-----------------------------------------------------------------------------"
"Message",Normal,"launch  |  start   |   stop   |   end    | duration | lifetime | [slot] name"
"Message",Normal,"-----------------------------------------------------------------------------"
"Message",Normal,"       0 |        0 |    14719 |    14719 |    14719 |    14719 | [0] Nutc GlobalAnalysis"
"Message",Normal,"Number of commands:      1"
"Message",Normal,"Total system time:       14719 ms"
"Message",Normal,"System time per command: 14719 ms"
"Message",Normal,"Total duration:          14719 ms"
"Message",Normal,"Total lifetime:          14719 ms"
"Message",Normal,"Requested DOP:           12"
"Message",Normal,"Duration DOP:            1,0"
"Message",Normal,"Lifetime DOP:            1,0"
"Message",Low,"Fin de l'exécution de la tâche ""GenerateMDILGlobalAnalysis""."
"Message",Low,"Génération de la cible ""GenerateMDILGlobalAnalysis"" terminée dans le fichier ""Nutc""."
"Message",Low,""
"Message",Low,"Tâche ""rc"""
"Message",Normal,"Launching 'D:\Windows Kits\10\bin\10.0.17763.0\x64\rc.exe /c ""65001"" /r /fo ""D:\OneDrive - SUPINFO\Perso\Cours\SupInfo\Bsc\3WIN - Universal Windows App Development\PJT\3WIN-PJT\WinPlex\obj\x64\Release\ilc\intermediate\BuildInfo\BuildInfo.res"" ""D:\OneDrive - SUPINFO\Perso\Cours\SupInfo\Bsc\3WIN - Universal Windows App Development\PJT\3WIN-PJT\WinPlex\obj\x64\Release\ilc\intermediate\BuildInfo\BuildInfo.rc""'"
"Message",Low,"Microsoft (R) Windows (R) Resource Compiler Version 10.0.10011.16384"
"Message",Low,"Copyright (C) Microsoft Corporation.  All rights reserved."
"Message",Normal,"'D:\Windows Kits\10\bin\10.0.17763.0\x64\rc.exe /c ""65001"" /r /fo ""D:\OneDrive - SUPINFO\Perso\Cours\SupInfo\Bsc\3WIN - Universal Windows App Development\PJT\3WIN-PJT\WinPlex\obj\x64\Release\ilc\intermediate\BuildInfo\BuildInfo.res"" ""D:\OneDrive - SUPINFO\Perso\Cours\SupInfo\Bsc\3WIN - Universal Windows App Development\PJT\3WIN-PJT\WinPlex\obj\x64\Release\ilc\intermediate\BuildInfo\BuildInfo.rc""' completed."
"Message",Normal,"Process execution statistics (all times in milliseconds)"
"Message",Normal,"-----------------------------------------------------------------------------"
"Message",Normal,"launch  |  start   |   stop   |   end    | duration | lifetime | [slot] name"
"Message",Normal,"-----------------------------------------------------------------------------"
"Message",Normal,"       0 |       31 |      125 |      125 |       94 |      125 | [0] rc"
"Message",Normal,"Number of commands:      1"
"Message",Normal,"Total system time:       125 ms"
"Message",Normal,"System time per command: 125 ms"
"Message",Normal,"Total duration:          94 ms"
"Message",Normal,"Total lifetime:          125 ms"
"Message",Normal,"Requested DOP:           12"
"Message",Normal,"Duration DOP:            0,8"
"Message",Normal,"Lifetime DOP:            1,0"
"Message",Low,"Fin de l'exécution de la tâche ""rc""."
"Message",Low,"Tâche ""ResourceBinaryConcatenate"""
"Message",Normal,"Concatenating into 'D:\OneDrive - SUPINFO\Perso\Cours\SupInfo\Bsc\3WIN - Universal Windows App Development\PJT\3WIN-PJT\WinPlex\obj\x64\Release\ilc\intermediate\Native.res' with alignment '4'."
"Message",Normal," Added 'D:\OneDrive - SUPINFO\Perso\Cours\SupInfo\Bsc\3WIN - Universal Windows App Development\PJT\3WIN-PJT\WinPlex\obj\x64\Release\ilc\intermediate\ILTransformed\WinPlex.res' at offset 0."
"Message",Normal," Added 'D:\OneDrive - SUPINFO\Perso\Cours\SupInfo\Bsc\3WIN - Universal Windows App Development\PJT\3WIN-PJT\WinPlex\obj\x64\Release\ilc\intermediate\BuildInfo\BuildInfo.res' at offset 1368."
"Message",Low,"Fin de l'exécution de la tâche ""ResourceBinaryConcatenate""."
"Message",Low,"Génération de la cible ""GenerateBuildInfo"" terminée dans le fichier ""Nutc""."
"Message",Low,"Génération du projet ""Nutc"" terminée."
"Message",Low,""
"Message",Low,""
"Message",Low,"Génération de la cible ""MDILBindPrepare"" terminée dans le fichier ""Binder""."
"Message",Low,""
"Message",High,"Génération de corrections pour le code natif"
"Message",Low,"Tâche ""MDILBind"""
"Message",Normal,"Launching 'C:\Program Files (x86)\Microsoft SDKs\UWPNuGetPackages\microsoft.net.native.compiler\1.7.3\tools\x64\ilc\Tools\rhbind.exe @""D:\OneDrive - SUPINFO\Perso\Cours\SupInfo\Bsc\3WIN - Universal Windows App Development\PJT\3WIN-PJT\WinPlex\obj\x64\Release\ilc\intermediate\rhbindargs.WinPlex.rsp""'"
"Message",Low,"VERSION DE SYSTÈME D'EXPLOITATION : principale : 6  secondaire : 2"
"Message",Low,"MDIL : D:\OneDrive - SUPINFO\Perso\Cours\SupInfo\Bsc\3WIN - Universal Windows App Development\PJT\3WIN-PJT\WinPlex\obj\x64\Release\ilc\intermediate\MDIL\WinPlex.mdilexe"
"Message",Low,"MDILPDB : D:\OneDrive - SUPINFO\Perso\Cours\SupInfo\Bsc\3WIN - Universal Windows App Development\PJT\3WIN-PJT\WinPlex\obj\x64\Release\ilc\intermediate\MDIL\WinPlex.mdilpdb"
"Message",Low,"IL : D:\OneDrive - SUPINFO\Perso\Cours\SupInfo\Bsc\3WIN - Universal Windows App Development\PJT\3WIN-PJT\WinPlex\obj\x64\Release\ilc\intermediate\MDIL\WinPlex.ilexe"
"Message",Low,"NI : D:\OneDrive - SUPINFO\Perso\Cours\SupInfo\Bsc\3WIN - Universal Windows App Development\PJT\3WIN-PJT\WinPlex\obj\x64\Release\ilc\intermediate\Native\WinPlex.dll"
"Message",Low,"SHIM : D:\OneDrive - SUPINFO\Perso\Cours\SupInfo\Bsc\3WIN - Universal Windows App Development\PJT\3WIN-PJT\WinPlex\obj\x64\Release\ilc\intermediate\Native\WinPlex.exe"
"Message",Low,"REDHAWK_RUNTIME_DLL_NAME_A=mrt100_app.dll"
"Message",Low,"pdb : D:\OneDrive - SUPINFO\Perso\Cours\SupInfo\Bsc\3WIN - Universal Windows App Development\PJT\3WIN-PJT\WinPlex\obj\x64\Release\ilc\intermediate\Native\WinPlex.pdb"
"Message",Low,"D:\OneDrive - SUPINFO\Perso\Cours\SupInfo\Bsc\3WIN - Universal Windows App Development\PJT\3WIN-PJT\WinPlex\obj\x64\Release\ilc\intermediate\Native\WinPlex.dll produits en 1.558 secondes"
"Message",Normal,"'C:\Program Files (x86)\Microsoft SDKs\UWPNuGetPackages\microsoft.net.native.compiler\1.7.3\tools\x64\ilc\Tools\rhbind.exe @""D:\OneDrive - SUPINFO\Perso\Cours\SupInfo\Bsc\3WIN - Universal Windows App Development\PJT\3WIN-PJT\WinPlex\obj\x64\Release\ilc\intermediate\rhbindargs.WinPlex.rsp""' completed."
"Message",Normal,"Process execution statistics (all times in milliseconds)"
"Message",Normal,"-----------------------------------------------------------------------------"
"Message",Normal,"launch  |  start   |   stop   |   end    | duration | lifetime | [slot] name"
"Message",Normal,"-----------------------------------------------------------------------------"
"Message",Normal,"       0 |        0 |     1594 |     1594 |     1594 |     1594 | [0] rhbind WinPlex"
"Message",Normal,"Number of commands:      1"
"Message",Normal,"Total system time:       1594 ms"
"Message",Normal,"System time per command: 1594 ms"
"Message",Normal,"Total duration:          1594 ms"
"Message",Normal,"Total lifetime:          1594 ms"
"Message",Normal,"Requested DOP:           12"
"Message",Normal,"Duration DOP:            1,0"
"Message",Normal,"Lifetime DOP:            1,0"
"Message",Low,"Fin de l'exécution de la tâche ""MDILBind""."
"Message",Low,"Génération de la cible ""MDILBind"" terminée dans le fichier ""Binder""."
"Message",Low,"Génération du projet ""Binder"" terminée."
"Message",Low,""
"Message",Low,""
"Message",Low,"Génération de la cible ""CopyNativeExecutablesToOutput"" terminée dans le fichier ""Deployment""."
"Message",Low,""
"Message",Low,"Tâche ""TransformAppxManifest"""
"Message",Low,"Fin de l'exécution de la tâche ""TransformAppxManifest""."
"Message",Low,"Génération de la cible ""TransformAppxManifestAndAddCrt"" terminée dans le fichier ""Deployment""."
"Message",Low,""
"Message",Low,"Génération de la cible ""CopyPackageResourceFileInRetailBuild"" terminée dans le fichier ""Deployment""."
"Message",Low,"Génération du projet ""Deployment"" terminée."
"Message",Low,"Fin de la compilation"
